<?xml version="1.0" encoding="utf-8"?>
<LoadControllerProperties xmlns:xsi="http://www.w3.org/2001/XMLSchema-instance" xmlns:xsd="http://www.w3.org/2001/XMLSchema">
  <LoadStepper>10</LoadStepper>
  <ShuttleStepper>15</ShuttleStepper>
  <LoadStepperHomeSpeed>30</LoadStepperHomeSpeed>
  <LoadStepperSpeed>20</LoadStepperSpeed>
  <ShuttleStepperHomeSpeed>500</ShuttleStepperHomeSpeed>
  <ShuttleStepperSpeed>200</ShuttleStepperSpeed>
  <CellsSteps>
    <int>-2000</int>
    <int>-5000</int>
    <int>-8000</int>
    <int>-11100</int>
    <int>-14300</int>
    <int>-17400</int>
    <int>-20500</int>
    <int>-23550</int>
    <int>-26500</int>
    <int>-29500</int>
  </CellsSteps>
  <StepsToUnload>-40000</StepsToUnload>
  <StepsTurnToLoad>1000</StepsTurnToLoad>
  <StepsShuttleToCartridge>-613000</StepsShuttleToCartridge>
</LoadControllerProperties>