<?xml version="1.0" encoding="utf-8"?>
<RotorControllerProperties xmlns:xsi="http://www.w3.org/2001/XMLSchema-instance" xmlns:xsd="http://www.w3.org/2001/XMLSchema">
  <RotorStepper>7</RotorStepper>
  <RotorHomeSpeed>100</RotorHomeSpeed>
  <RotorSpeed>50</RotorSpeed>
  <StepsPerCell>3400</StepsPerCell>
  <StepsToLoad>
    <int>-34000</int>
    <int>-37045</int>
    <int>-39845</int>
    <int>-43045</int>
    <int>-46255</int>
    <int>-49195</int>
    <int>-52425</int>
    <int>-55495</int>
    <int>-58445</int>
    <int>-61715</int>
  </StepsToLoad>
  <StepsToUnload>-17500</StepsToUnload>
  <StepsToWashBuffer>39300</StepsToWashBuffer>
  <StepsToNeedleWhiteCenter>10980</StepsToNeedleWhiteCenter>
  <StepsToNeedleLeft1>9800</StepsToNeedleLeft1>
  <StepsToNeedleRight1>10000</StepsToNeedleRight1>
  <StepsToNeedleLeft2>9050</StepsToNeedleLeft2>
  <StepsToNeedleRight2>9300</StepsToNeedleRight2>
  <StepsToNeedleLeft3>8500</StepsToNeedleLeft3>
  <StepsToNeedleRight3>8730</StepsToNeedleRight3>
</RotorControllerProperties>