<?xml version="1.0" encoding="utf-8"?>
<DemoControllerProperties xmlns:xsi="http://www.w3.org/2001/XMLSchema-instance" xmlns:xsd="http://www.w3.org/2001/XMLSchema">
  <Tubes>
    <TubeInfo>
      <Position>0</Position>
      <BarCode>RedMary4590</BarCode>
      <Stages>
        <Stage>
          <CartridgePosition>0</CartridgePosition>
          <Cell>FirstCell</Cell>
          <TimeToPerform>5</TimeToPerform>
        </Stage>
        <Stage>
          <CartridgePosition>0</CartridgePosition>
          <Cell>FirstCell</Cell>
          <TimeToPerform>10</TimeToPerform>
        </Stage>
      </Stages>
      <CurrentStage>-1</CurrentStage>
      <TimeToStageComplete>0</TimeToStageComplete>
      <IsFind>false</IsFind>
    </TubeInfo>
  </Tubes>
</DemoControllerProperties>