<?xml version="1.0" encoding="utf-8"?>
<ChargeControllerProperties xmlns:xsi="http://www.w3.org/2001/XMLSchema-instance" xmlns:xsd="http://www.w3.org/2001/XMLSchema">
  <RotatorStepper>10</RotatorStepper>
  <HookStepper>15</HookStepper>
  <RotatorHomeSpeed>50</RotatorHomeSpeed>
  <RotatorSpeed>50</RotatorSpeed>
  <HookHomeSpeed>500</HookHomeSpeed>
  <HookSpeed>200</HookSpeed>
  <CellsSteps>
    <int>-2000</int>
    <int>-5000</int>
    <int>-8000</int>
    <int>-11100</int>
    <int>-14300</int>
    <int>-17400</int>
    <int>-20500</int>
    <int>-23550</int>
    <int>-26500</int>
    <int>-29500</int>
  </CellsSteps>
  <StepsToUnload>-40000</StepsToUnload>
  <RotatorStepsLeaveAtCharge>1000</RotatorStepsLeaveAtCharge>
  <HookStepsToCartridge>-613000</HookStepsToCartridge>
</ChargeControllerProperties>