<?xml version="1.0" encoding="utf-8"?>
<DemoControllerProperties xmlns:xsi="http://www.w3.org/2001/XMLSchema-instance" xmlns:xsd="http://www.w3.org/2001/XMLSchema">
  <Tubes>
    <TubeInfo>
      <Position>0</Position>
      <BarCode>RedMary4590</BarCode>
      <Stages>
        <Stage>
          <CartridgePosition>0</CartridgePosition>
          <Cell>FirstCell</Cell>
          <TimeToPerform>5</TimeToPerform>
        </Stage>
        <Stage>
          <CartridgePosition>0</CartridgePosition>
          <Cell>FirstCell</Cell>
          <TimeToPerform>15</TimeToPerform>
        </Stage>
      </Stages>
      <CurrentStage>-1</CurrentStage>
      <TimeToStageComplete>0</TimeToStageComplete>
      <IsFind>false</IsFind>
    </TubeInfo>
    <TubeInfo>
      <Position>0</Position>
      <BarCode>77FG89RT</BarCode>
      <Stages>
        <Stage>
          <CartridgePosition>0</CartridgePosition>
          <Cell>FirstCell</Cell>
          <TimeToPerform>5</TimeToPerform>
        </Stage>
        <Stage>
          <CartridgePosition>0</CartridgePosition>
          <Cell>SecondCell</Cell>
          <TimeToPerform>5</TimeToPerform>
        </Stage>
      </Stages>
      <CurrentStage>-1</CurrentStage>
      <TimeToStageComplete>0</TimeToStageComplete>
      <IsFind>false</IsFind>
    </TubeInfo>
    <TubeInfo>
      <Position>0</Position>
      <BarCode>34QW45AZ</BarCode>
      <Stages>
        <Stage>
          <CartridgePosition>0</CartridgePosition>
          <Cell>FirstCell</Cell>
          <TimeToPerform>5</TimeToPerform>
        </Stage>
        <Stage>
          <CartridgePosition>0</CartridgePosition>
          <Cell>SecondCell</Cell>
          <TimeToPerform>5</TimeToPerform>
        </Stage>
      </Stages>
      <CurrentStage>1</CurrentStage>
      <TimeToStageComplete>3</TimeToStageComplete>
      <IsFind>true</IsFind>
    </TubeInfo>
    <TubeInfo>
      <Position>0</Position>
      <BarCode>34WE56AD</BarCode>
      <Stages>
        <Stage>
          <CartridgePosition>0</CartridgePosition>
          <Cell>FirstCell</Cell>
          <TimeToPerform>5</TimeToPerform>
        </Stage>
        <Stage>
          <CartridgePosition>0</CartridgePosition>
          <Cell>SecondCell</Cell>
          <TimeToPerform>5</TimeToPerform>
        </Stage>
      </Stages>
      <CurrentStage>1</CurrentStage>
      <TimeToStageComplete>4</TimeToStageComplete>
      <IsFind>true</IsFind>
    </TubeInfo>
  </Tubes>
</DemoControllerProperties>